plate_id	patient_id	read_length_dna	read_length_rna	sex	subtype	tissue	timepoint	protocol	subset_cols
VZB00101	ov1	37	37	female	ovarian	NA	0_weeks	NA	NA
VZB00102	ov1	150	150	female	ovarian	NA	NA	NA	NA
VZB00201	ov2	150	150	female	ovarian	NA	NA	NA	NA
VZB00202	ov2	150	150	female	ovarian	NA	NA	NA	NA
VZB00301	ov3	150	150	female	ovarian	NA	NA	NA	NA
VZB00302	ov3	150	150	female	ovarian	NA	NA	NA	NA
VZB00401	ov4	150	150	female	ovarian	NA	NA	NA	NA
VZB00403	ov4	150	150	female	ovarian	NA	NA	NA	NA
VZB00503	ov5	150	150	female	ovarian	NA	NA	NA	NA
VZB00701	ovH215_r2Asc1	NA	female	female	ovarian	NA	NA	NA	NA
VZB00801	ovH299_pOme1	NA	female	female	ovarian	NA	NA	NA	NA
VZB00902	ovH215_r3Asc1	NA	female	female	ovarian	NA	NA	NA	NA
VZB01001	ovH215_pOme1	NA	female	female	ovarian	NA	NA	NA	NA
VZB01101	H131_pAsc_SC	150	female	female	ovarian	NA	NA	NA	NA
VZB01102	H131_pAsc_SC	150	female	female	ovarian	NA	NA	NA	NA
VZB01202	H228_pOme1_X	150	female	female	ovarian	NA	NA	NA	NA
VZB01301	H116_pOme_SC	150	female	female	ovarian	NA	NA	NA	NA
VZB01302	H116_pOme_SC	150	female	female	ovarian	NA	NA	NA	NA
VZB01501	H160_pPer_SC	150	female	female	ovarian	NA	NA	NA	NA
VZB01502	H160_pPer_SC	150	female	female	ovarian	NA	NA	NA	NA
